experiment,date,stage,population,metric_name,control_value,candidate_value,delta,division_tp,division_fp,division_fn,validation_scope,decision,source_record
threshold_012_reference,2026-09-05,threshold_026_to_012,32_movies,released_reference_graph_score,0.921256687979657,0.9221065460412013,0.0008498580615443618,5,19,22,upstream_exposed_development,保留弱證據與影響集中限制,HEDGE_EVIDENCE_AUDIT_20260905.md
collective_motion,2026-09-07,anchor_to_fixed_motion,32_movies,released_reference_graph_score,0.921256687979657,0.9220957582683389,0.000839070288681909,4,14,23,upstream_exposed_development,部署驗證成功但非獨立泛化,fixed_motion_portfolio_20260907/RESULT.json
legacy_common_ncc,2026-09-11,motion_to_optional_ncc,32_movies,released_reference_graph_score,0.9220957582683389,0.9242455415,0.0021497832,0,0,27,upstream_exposed_consumed,continuation改善但分裂流失,LEGACY_COMMON_NCC_RESULT_AND_NEXT.md
native_epoch5_fork_ncc,2026-09-12,native_to_fork_preserving_ncc,12_movies,released_reference_graph_score,0.6453757322300802,0.6796876383463150,0.0343119061,3,362,9,checkpoint_excluded_historically_consumed,正向NCC訊號非全管線OOF,NATIVE_STAGE5_GRAPH_RESULT_AND_NEXT.md
native_epoch5_no_fork_ncc,2026-09-12,native_to_no_fork_ncc,12_movies,released_reference_graph_score,0.6453757322300802,0.6900385952087975,0.0446628630,0,0,12,checkpoint_excluded_historically_consumed,早期native分裂品質不足而非家族失敗,NATIVE_STAGE5_GRAPH_RESULT_AND_NEXT.md
native_epoch20_fork_ncc,2026-09-15,epoch5_to_epoch20_fork_ncc,12_movies,released_reference_graph_score,0.6796876383,0.6867704375,0.0070827991,0,291,12,checkpoint_excluded_historically_consumed,小且不確定增益未晉級,NATIVE_STAGE20_RESULT_AND_NEXT.md
native_epoch20_no_fork_ncc,2026-09-15,epoch5_to_epoch20_no_fork_ncc,12_movies,released_reference_graph_score,0.6900385952,0.6965903151,0.0065517199,0,0,12,checkpoint_excluded_historically_consumed,條件式bootstrap區間含零,NATIVE_STAGE20_RESULT_AND_NEXT.md
fixed_fork_ncc_submission_56181805,2026-09-12,strong_route_probe,Kaggle_Public,official_public_score,0.942,0.942,0.000,,,,official_three_decimal_display,沒有可見Public增益未替換選取,STRONG_FORK_NCC_SCORE_HANDOFF.md
ncc_pair_residual_local,2026-09-15,frozen_single_pair_residual,30_fitting_movies,conditional_weighted_NLL,2.107995,1.225944,-0.882051,,,,fitting_only_exposed,局部loss改善不代表圖收益,JOINT_NCC_PAIR_RESIDUAL_RESULT_20260915.md
ncc_pair_residual_graph,2026-09-15,incumbent_to_pair_residual,30_fitting_movies,released_reference_graph_score,0.933227920595,0.919666970422,-0.013560950173,7,121,20,fitting_only_exposed,NEEDS_REDESIGN而非家族禁令,JOINT_NCC_PAIR_RESIDUAL_RESULT_20260915.md
ownership_joint_fit,2026-09-22,H_to_joint,4_fitting_movies,released_reference_graph_score,0.921202943859,0.937002847604,0.015799903745,3,1,7,fitting_only_exposed,擬合改善不能外推,STRONG_OWNERSHIP_TRANSFER_RESULT_20260922.md
ownership_factorized_transfer,2026-09-22,H_to_factorized,15_movies,released_reference_graph_score,0.970863882664,0.932038608973,-0.038825273691,2,17,6,residual_train_excluded_upstream_exposed,轉移失敗NEEDS_REDESIGN,STRONG_OWNERSHIP_TRANSFER_RESULT_20260922.md
ownership_joint_transfer,2026-09-22,H_to_joint,15_movies,released_reference_graph_score,0.970863882664,0.927120884333,-0.043742998331,2,19,6,residual_train_excluded_upstream_exposed,兩來源退步不推論唯一原因,STRONG_OWNERSHIP_TRANSFER_RESULT_20260922.md
five_frame_anchored_nll,2026-09-24,visual54_to_five_frame54,pooled_two_folds,conditional_balanced_NLL,0.330700,0.327215,-0.003485,,,,head_crossfit_upstream_crop_exposed,小增益低FP混合未晉級,FIVE_FRAME_SUPERVISED_RESULT_20260924.md
five_frame_anchored_auc,2026-09-24,visual54_to_five_frame54,pooled_two_folds,conditional_weighted_AUC,0.966829,0.968346,0.001517,,,,head_crossfit_upstream_crop_exposed,不是官方graph_metric,FIVE_FRAME_SUPERVISED_RESULT_20260924.md
masked_change_ssl_fold0_nll,2026-09-24,matched_no_ssl_to_ssl,held60_fold0,conditional_balanced_NLL,0.358785,0.353003,-0.005782,,,,source_owned_head_upstream_crop_exposed,RETEST非獨立hedge,MASKED_CHANGE_SSL_RESULT_20260924.md
masked_change_ssl_fold0_auc,2026-09-24,matched_no_ssl_to_ssl,held60_fold0,conditional_weighted_AUC,0.972037,0.972670,0.000633,,,,source_owned_head_upstream_crop_exposed,不同FP預算有得有失,MASKED_CHANGE_SSL_RESULT_20260924.md
full199_H_stage,2026-09-27,baseline_to_H,199_movies,released_reference_graph_score,0.9142083443939379,0.9187560576713113,0.0045477132773734,17,41,134,upstream_exposed_diagnostic,同route階段訊號非representation單因素消融,POST_SCORE_TRANSFER_HANDOFF_20260927.md
full199_dense_stage,2026-09-27,H_to_H_dense_center,199_movies,released_reference_graph_score,0.9187560576713113,0.922987832153212,0.0042317744819007,24,33,127,upstream_exposed_diagnostic,真實stage收益但非獨立泛化,POST_SCORE_TRANSFER_HANDOFF_20260927.md
full199_route_total,2026-09-27,baseline_to_H_dense_center,199_movies,released_reference_graph_score,0.9142083443939379,0.922987832153212,0.0087794877592741,24,33,127,upstream_exposed_detector_route_confounded,baseline到dense新增8失8不可只報總TP,POST_SCORE_TRANSFER_HANDOFF_20260927.md
native_residual_half,2026-09-27,incumbent_to_fixed_half,199_movies,released_reference_graph_score,0.92298783,0.92401391,0.00102608,26,34,125,upstream_exposed_descriptive,条件式区间含零未晉級,NATIVE_FORK_GRAPH_CALIBRATION_HANDOFF_20260927.md
native_group_calibration,2026-09-27,incumbent_to_opposite_fold_selected_lambda,120_movies,released_reference_graph_score,0.9306063093752561,0.9301571464513472,-0.0004491629239089,18,26,,source_owned_adapter_crossfit_upstream_exposed,scalar強度轉移不可靠NEEDS_REDESIGN,NATIVE_FORK_GRAPH_CALIBRATION_HANDOFF_20260927.md
K1000_H_only,2026-09-28,K500_to_K1000,18_failure_selected_movies,released_reference_graph_score,0.9167035741,0.9167035741,0,3,10,40,failure_selected_upstream_exposed,新增root coverage未救回事件,INCREMENTAL_K1000_SIGNAL_HANDOFF_20260928.md
K1000_full_route,2026-09-28,K500_to_K1000_fixed_center,18_failure_selected_movies,released_reference_graph_score,0.9206562630464297,0.9206562630464297,0,5,9,38,failure_selected_upstream_exposed,graph有變但正式metric無改善,INCREMENTAL_K1000_SIGNAL_HANDOFF_20260928.md
selected_55998516_public,2026-10-01,selected_threshold_hedge,Kaggle_Public,official_public_score,,0.940,,,,,official_completed_selected,保留正式來源不宣稱因果優勢,OFFICIAL_PRIVATE_FOLLOWUP.json
selected_55998516_private,2026-10-01,selected_threshold_hedge,Kaggle_Private,official_private_score,,0.910,,,,,official_completed_selected,最終較高Private未金牌,OFFICIAL_PRIVATE_FOLLOWUP.json
selected_56071433_public,2026-10-01,selected_fixed_motion,Kaggle_Public,official_public_score,,0.942,,,,,official_completed_selected,較高Public不等於較高Private,OFFICIAL_PRIVATE_FOLLOWUP.json
selected_56071433_private,2026-10-01,selected_fixed_motion,Kaggle_Private,official_private_score,,0.907,,,,,official_completed_selected,最終選取結果如實保存,OFFICIAL_PRIVATE_FOLLOWUP.json
unselected_56593643_public,2026-10-01,new_native_dense_route,Kaggle_Public,official_public_score,,0.938,,,,,official_completed_unselected,低於保留主力未選取,OFFICIAL_PRIVATE_FOLLOWUP.json
unselected_56593643_private,2026-10-01,new_native_dense_route,Kaggle_Private,official_private_score,,0.904,,,,,official_completed_unselected,不能用local_gain推翻正式transfer,OFFICIAL_PRIVATE_FOLLOWUP.json
own_final_rank,2026-10-01,best_selected_submission,Kaggle_Private_4020_ranked_rows,official_private_rank,,1714,,,,,official_published_private_leaderboard,金牌目標未達,OFFICIAL_PRIVATE_FOLLOWUP.json
